Data,À vista R$,À vista US$
2002-11-29,0.6842,0.1899
2002-12-06,0.6897,0.1858
2002-12-13,0.6926,0.1834
2002-12-20,0.7065,0.1999
2002-12-27,0.6941,0.1961
2003-01-03,0.7281,0.2075
2003-01-10,0.7927,0.239
2003-01-17,0.8195,0.2471
2003-01-24,0.861,0.2452
2003-01-31,0.8577,0.239
2003-02-07,0.884,0.2479
2003-02-14,0.8621,0.2382
2003-02-21,0.8696,0.2407
2003-02-28,0.872,0.2435
2003-03-07,0.8959,0.2547
2003-03-14,0.8966,0.2588
2003-03-21,0.8623,0.25
2003-03-28,0.8419,0.249
2003-04-04,0.8377,0.2553
2003-04-11,0.8374,0.262
2003-04-17,0.841,0.272
2003-04-25,0.8495,0.2817
2003-05-02,0.8241,0.2805
2003-05-09,0.7958,0.2688
2003-05-16,0.7801,0.2679
2003-05-23,0.6918,0.2315
2003-05-30,0.631,0.2107
2003-06-06,0.6078,0.2084
2003-06-13,0.5839,0.2043
2003-06-20,0.5532,0.1921
2003-06-27,0.5183,0.1803
2003-07-04,0.4639,0.1638
2003-07-11,0.4636,0.1607
2003-07-18,0.4673,0.1631
2003-07-25,0.5322,0.1843
2003-08-01,0.5849,0.1976
2003-08-08,0.5935,0.1963
2003-08-15,0.6105,0.2026
2003-08-22,0.6113,0.2041
2003-08-29,0.6158,0.2069
2003-09-05,0.6127,0.2073
2003-09-12,0.6003,0.2059
2003-09-19,0.5543,0.191
2003-09-26,0.5329,0.1822
2003-10-03,0.4857,0.1674
2003-10-10,0.5228,0.1836
2003-10-17,0.5567,0.1957
2003-10-24,0.5592,0.1951
2003-10-31,0.5149,0.1801
2003-11-07,0.5299,0.185
2003-11-14,0.5633,0.1931
2003-11-21,0.5634,0.1918
2003-11-28,0.5764,0.1961
2003-12-05,0.6037,0.2058
2003-12-12,0.6142,0.209
2003-12-19,0.617,0.2106
2003-12-26,0.6068,0.2085
2004-01-02,0.6071,0.2107
2004-01-09,0.5903,0.2069
2004-01-16,0.5588,0.1988
2004-01-23,0.5092,0.1793
2004-01-30,0.525,0.1814
2004-02-06,0.4838,0.1652
2004-02-13,0.3715,0.1276
2004-02-20,0.3186,0.1085
2004-02-27,0.3606,0.1232
2004-03-05,0.3542,0.1227
2004-03-12,0.3243,0.1121
2004-03-19,0.3297,0.1135
2004-03-26,0.3443,0.1176
2004-04-02,0.425,0.1463
2004-04-08,0.448,0.1557
2004-04-16,0.4239,0.1463
2004-04-23,0.3878,0.1329
2004-04-30,0.4026,0.1371
2004-05-07,0.4094,0.1368
2004-05-14,0.4359,0.1398
2004-05-21,0.5035,0.1594
2004-05-28,0.5563,0.1773
2004-06-04,0.5411,0.1717
2004-06-11,0.5353,0.1714
2004-06-18,0.5324,0.1695
2004-06-25,0.538,0.1725
2004-07-02,0.5413,0.1753
2004-07-08,0.5424,0.1783
2004-07-16,0.5699,0.1885
2004-07-23,0.6489,0.2145
2004-07-30,0.6593,0.2159
2004-08-06,0.66,0.2163
2004-08-13,0.6583,0.2171
2004-08-20,0.6501,0.2175
2004-08-27,0.6427,0.2174
2004-09-03,0.6389,0.2177
2004-09-10,0.6433,0.2215
2004-09-17,0.6472,0.2236
2004-09-24,0.6819,0.2371
2004-10-01,0.7208,0.2522
2004-10-08,0.7552,0.2663
2004-10-15,0.7706,0.2707
2004-10-22,0.8113,0.2829
2004-10-29,0.8261,0.2881
2004-11-05,0.8387,0.2963
2004-11-12,0.8445,0.2995
2004-11-19,0.8415,0.303
2004-11-26,0.8293,0.3019
2004-12-03,0.7875,0.2891
2004-12-10,0.7748,0.2811
2004-12-17,0.7643,0.2789
2004-12-23,0.7517,0.2788
2004-12-30,0.7555,0.2824
2005-01-07,0.7636,0.2825
2005-01-14,0.7636,0.2823
2005-01-21,0.7703,0.2846
2005-01-28,0.7605,0.2849
2005-02-04,0.7657,0.2933
2005-02-11,0.7643,0.2929
2005-02-18,0.767,0.2977
2005-02-25,0.7647,0.2936
2005-03-04,0.7671,0.2908
2005-03-11,0.7729,0.286
2005-03-18,0.7779,0.2835
2005-03-24,0.7741,0.2837
2005-04-01,0.7746,0.2885
2005-04-08,0.7746,0.2968
2005-04-15,0.7601,0.2942
2005-04-22,0.7174,0.2791
2005-04-29,0.6841,0.2703
2005-05-06,0.6036,0.2434
2005-05-13,0.573,0.2325
2005-05-20,0.5742,0.2332
2005-05-27,0.5786,0.2398
2005-06-03,0.5749,0.2383
2005-06-10,0.5752,0.233
2005-06-17,0.5869,0.2423
2005-06-24,0.5983,0.2508
2005-07-01,0.6546,0.2777
2005-07-08,0.6719,0.2825
2005-07-15,0.6815,0.2909
2005-07-22,0.68,0.2886
2005-07-29,0.6638,0.2734
2005-08-05,0.6599,0.2836
2005-08-12,0.6553,0.2819
2005-08-19,0.6575,0.2769
2005-08-26,0.6577,0.2732
2005-09-02,0.6585,0.2785
2005-09-09,0.6669,0.287
2005-09-16,0.7157,0.3092
2005-09-23,0.7903,0.3462
2005-09-30,0.8046,0.3596
2005-10-07,0.8209,0.3632
2005-10-14,0.8349,0.3721
2005-10-21,0.8291,0.3687
2005-10-28,0.8108,0.3569
2005-11-04,0.8107,0.3631
2005-11-11,0.8098,0.3712
2005-11-18,0.8088,0.3663
2005-11-25,0.8195,0.3662
2005-12-02,0.8621,0.3909
2005-12-09,0.9269,0.4196
2005-12-16,0.9659,0.4221
2005-12-23,0.9921,0.4246
2005-12-29,1.0073,0.4312
2006-01-06,1.0348,0.4487
2006-01-13,1.0206,0.4501
2006-01-20,1.0117,0.4393
2006-01-27,1.0139,0.4528
2006-02-03,1.0155,0.4579
2006-02-10,1.0379,0.4764
2006-02-17,1.0721,0.5025
2006-02-24,1.153,0.539
2006-03-03,1.2004,0.568
2006-03-10,1.2412,0.5748
2006-03-17,1.2286,0.5786
2006-03-24,1.2135,0.5623
2006-03-31,1.1958,0.5461
2006-04-07,1.1587,0.542
2006-04-13,1.1216,0.5236
2006-04-20,1.0428,0.4914
2006-04-28,0.9059,0.4293
2006-05-05,0.8561,0.4145
2006-05-12,0.8557,0.41
2006-05-19,0.838,0.3841
2006-05-26,0.8405,0.3649
2006-06-02,0.8421,0.3681
2006-06-09,0.8505,0.3769
2006-06-16,0.8516,0.3735
2006-06-23,0.8572,0.3825
2006-06-30,0.8769,0.3976
2006-07-07,0.8963,0.4109
2006-07-14,0.9095,0.4135
2006-07-21,0.9096,0.4147
2006-07-28,0.8959,0.4091
2006-08-04,0.8827,0.4046
2006-08-11,0.8513,0.3921
2006-08-18,0.789,0.3677
2006-08-25,0.7867,0.3665
2006-09-01,0.7728,0.3611
2006-09-08,0.7682,0.3587
2006-09-15,0.7546,0.3488
2006-09-22,0.7476,0.3429
2006-09-29,0.7526,0.3439
2006-10-06,0.7626,0.3525
2006-10-13,0.7588,0.3528
2006-10-20,0.7584,0.355
2006-10-27,0.758,0.354
2006-11-03,0.7592,0.3541
2006-11-10,0.7585,0.354
2006-11-17,0.749,0.3471
2006-11-24,0.7466,0.3448
2006-12-01,0.7466,0.3431
2006-12-08,0.7538,0.3508
2006-12-15,0.7678,0.3578
2006-12-22,0.806,0.3741
2006-12-28,0.843,0.3936
2007-01-05,0.868,0.4053
2007-01-12,0.8552,0.3983
2007-01-19,0.8439,0.395
2007-01-26,0.8332,0.3904
2007-02-02,0.8126,0.3834
2007-02-09,0.7828,0.3737
2007-02-16,0.8119,0.3866
2007-02-23,0.816,0.3918
2007-03-02,0.8111,0.3834
2007-03-09,0.8179,0.3869
2007-03-16,0.8389,0.4005
2007-03-23,0.8996,0.4351
2007-03-30,0.9645,0.4683
2007-04-05,0.9497,0.4661
2007-04-13,0.943,0.4647
2007-04-20,0.9628,0.4737
2007-04-27,0.9176,0.452
2007-05-04,0.8695,0.4282
2007-05-11,0.7495,0.3709
2007-05-18,0.6788,0.3443
2007-05-25,0.6079,0.3115
2007-06-01,0.5985,0.3096
2007-06-08,0.5949,0.3057
2007-06-15,0.5896,0.3048
2007-06-22,0.5798,0.302
2007-06-29,0.5765,0.2972
2007-07-06,0.578,0.3025
2007-07-13,0.5824,0.3092
2007-07-20,0.5851,0.3146
2007-07-27,0.5923,0.3153
2007-08-03,0.5904,0.3132
2007-08-10,0.582,0.3039
2007-08-17,0.5768,0.2862
2007-08-24,0.5779,0.2888
2007-08-31,0.5812,0.2948
2007-09-06,0.5814,0.2975
2007-09-14,0.5802,0.3027
2007-09-21,0.5797,0.3078
2007-09-28,0.5816,0.3142
2007-10-05,0.5803,0.3187
2007-10-11,0.5792,0.3203
2007-10-19,0.5762,0.3186
2007-10-26,0.586,0.3261
2007-11-01,0.6337,0.3625
2007-11-09,0.717,0.4113
2007-11-16,0.7478,0.4258
2007-11-23,0.7499,0.4218
2007-11-30,0.7542,0.4171
2007-12-07,0.7565,0.4233
2007-12-14,0.7536,0.4244
2007-12-21,0.7452,0.4128
2007-12-28,0.737,0.4165
2008-01-04,0.7331,0.4166
2008-01-11,0.7119,0.4046
2008-01-18,0.6949,0.3934
2008-01-25,0.6802,0.3772
2008-02-01,0.6734,0.3804
2008-02-08,0.6734,0.3826
2008-02-15,0.7078,0.4043
2008-02-22,0.7339,0.4261
2008-02-29,0.7495,0.445
2008-03-07,0.7555,0.4501
2008-03-14,0.7587,0.4478
2008-03-20,0.7622,0.4442
2008-03-28,0.7448,0.4288
2008-04-04,0.7214,0.4169
2008-04-11,0.6992,0.4131
2008-04-18,0.6972,0.4169
2008-04-25,0.7251,0.4358
2008-05-02,0.7659,0.4568
2008-05-09,0.7498,0.447
2008-05-16,0.6955,0.4199
2008-05-23,0.66,0.3989
2008-05-30,0.6392,0.3874
2008-06-06,0.6327,0.3881
2008-06-13,0.639,0.3903
2008-06-20,0.6773,0.4207
2008-06-27,0.7231,0.4517
2008-07-04,0.7138,0.4448
2008-07-11,0.7235,0.4503
2008-07-18,0.7251,0.4551
2008-07-25,0.717,0.4541
2008-08-01,0.6974,0.4454
2008-08-08,0.6941,0.4385
2008-08-15,0.7111,0.4379
2008-08-22,0.7413,0.4563
2008-08-29,0.7386,0.4531
2008-09-05,0.7394,0.4389
2008-09-12,0.7428,0.4178
2008-09-19,0.7588,0.4097
2008-09-26,0.7655,0.4185
2008-10-03,0.7654,0.3884
2008-10-10,0.7633,0.3379
2008-10-17,0.7376,0.3451
2008-10-24,0.7112,0.3128
2008-10-31,0.6838,0.3157
2008-11-07,0.6823,0.3171
2008-11-14,0.7325,0.3225
2008-11-21,0.7654,0.3229
2008-11-28,0.7387,0.3208
2008-12-05,0.7362,0.3017
2008-12-12,0.7359,0.3038
2008-12-19,0.7386,0.3124
2008-12-26,0.7392,0.3103
2009-01-02,0.7533,0.319
2009-01-09,0.769,0.3416
2009-01-16,0.7778,0.3328
2009-01-23,0.8056,0.3435
2009-01-30,0.8056,0.3495
2009-02-06,0.8208,0.3572
2009-02-13,0.785,0.3454
2009-02-20,0.7279,0.3112
2009-02-27,0.7107,0.3007
2009-03-06,0.6927,0.2891
2009-03-13,0.6809,0.2916
2009-03-20,0.6396,0.2824
2009-03-27,0.5926,0.263
2009-04-03,0.5654,0.2486
2009-04-09,0.582,0.2642
2009-04-17,0.6703,0.3066
2009-04-24,0.6846,0.3092
2009-04-30,0.5883,0.268
2009-05-08,0.5785,0.2738
2009-05-15,0.5835,0.2798
2009-05-22,0.5911,0.2897
2009-05-29,0.5878,0.2928
2009-06-05,0.581,0.2983
2009-06-12,0.5909,0.3039
2009-06-19,0.6089,0.3097
2009-06-26,0.6456,0.3269
2009-07-03,0.6941,0.3556
2009-07-10,0.7283,0.3658
2009-07-17,0.7166,0.3678
2009-07-24,0.6882,0.3622
2009-07-31,0.7238,0.385
2009-08-07,0.7104,0.3891
2009-08-14,0.7053,0.3829
2009-08-21,0.735,0.3981
2009-08-28,0.7564,0.4062
2009-09-04,0.7451,0.3969
2009-09-11,0.7879,0.4311
2009-09-18,0.7882,0.4362
2009-09-25,0.8509,0.4726
2009-10-02,0.8963,0.5022
2009-10-09,0.9007,0.515
2009-10-16,0.934,0.5463
2009-10-23,0.9579,0.5558
2009-10-30,0.9669,0.5544
2009-11-06,0.9469,0.5478
2009-11-13,0.9523,0.5537
2009-11-20,0.9338,0.5421
2009-11-27,0.928,0.5344
2009-12-04,0.935,0.5416
2009-12-11,0.9647,0.5499
2009-12-18,1.0243,0.5808
2009-12-23,1.0906,0.6139
2009-12-30,1.1019,0.6324
2010-01-08,1.1673,0.6736
2010-01-15,1.1892,0.6771
2010-01-22,1.2055,0.6738
2010-01-29,1.1934,0.6439
2010-02-05,1.1612,0.624
2010-02-12,1.1234,0.6051
2010-02-19,1.0907,0.6
2010-02-26,0.9963,0.5475
2010-03-05,0.935,0.5225
2010-03-12,0.8271,0.4662
2010-03-19,0.8139,0.4583
2010-03-26,0.7572,0.4201
2010-04-01,0.7698,0.4311
2010-04-09,0.9139,0.5167
2010-04-16,0.8323,0.4743
2010-04-23,0.7624,0.4337
2010-04-30,0.7406,0.4242
2010-05-07,0.7303,0.4061
2010-05-14,0.7263,0.4074
2010-05-21,0.721,0.3922
2010-05-28,0.7093,0.3845
2010-06-04,0.7054,0.3843
2010-06-11,0.702,0.3811
2010-06-18,0.7382,0.4123
2010-06-25,0.7426,0.4165
2010-07-02,0.7383,0.4117
2010-07-08,0.7724,0.4358
2010-07-16,0.8245,0.4665
2010-07-23,0.8201,0.4626
2010-07-30,0.8181,0.4637
2010-08-06,0.8411,0.4788
2010-08-13,0.8384,0.4751
2010-08-20,0.8359,0.4761
2010-08-27,0.8316,0.4718
2010-09-03,0.8358,0.4788
2010-09-10,0.8514,0.494
2010-09-17,0.8709,0.5075
2010-09-24,0.912,0.5306
2010-10-01,0.9733,0.5729
2010-10-08,0.978,0.5825
2010-10-15,0.9784,0.5889
2010-10-22,0.9762,0.5793
2010-10-29,0.9804,0.574
2010-11-05,0.983,0.5816
2010-11-12,0.9936,0.5815
2010-11-19,1.0005,0.5803
2010-11-26,1.0404,0.6024
2010-12-03,1.0541,0.6177
2010-12-10,1.0672,0.6296
2010-12-17,1.0798,0.6347
2010-12-23,1.0908,0.6422
2010-12-30,1.1082,0.6594
2011-01-07,1.1151,0.6622
2011-01-14,1.1044,0.6551
2011-01-21,1.1075,0.6624
2011-01-28,1.1118,0.6598
2011-02-04,1.1127,0.6661
2011-02-11,1.1454,0.6862
2011-02-18,1.1899,0.7135
2011-02-25,1.2441,0.7455
2011-03-04,1.3405,0.8091
2011-03-11,1.3754,0.8279
2011-03-18,1.4943,0.8938
2011-03-25,1.6323,0.9822
2011-04-01,1.4579,0.8903
2011-04-08,1.3854,0.867
2011-04-15,1.3843,0.8736
2011-04-20,1.4569,0.9228
2011-04-29,1.3374,0.8503
2011-05-06,1.0651,0.6647
2011-05-13,0.968,0.5975
2011-05-20,0.9855,0.6085
2011-05-27,1.0173,0.6277
2011-06-03,1.012,0.6386
2011-06-10,1.0844,0.6837
2011-06-17,1.1496,0.7206
2011-06-24,1.1488,0.7206
2011-07-01,1.147,0.7291
2011-07-08,1.1346,0.7267
2011-07-15,1.1331,0.7181
2011-07-22,1.1372,0.7275
2011-07-29,1.1375,0.7329
2011-08-05,1.1366,0.723
2011-08-12,1.153,0.7145
2011-08-19,1.2102,0.7598
2011-08-26,1.2468,0.7766
2011-09-02,1.2236,0.7628
2011-09-09,1.2205,0.734
2011-09-16,1.2121,0.7058
2011-09-23,1.1875,0.6481
2011-09-30,1.1848,0.6439
2011-10-07,1.2168,0.6636
2011-10-14,1.2174,0.6945
2011-10-21,1.2322,0.6944
2011-10-28,1.2574,0.7258
2011-11-04,1.2627,0.7316
2011-11-11,1.2725,0.7261
2011-11-18,1.2824,0.7225
2011-11-25,1.2878,0.6956
2011-12-02,1.2737,0.6993
2011-12-09,1.2728,0.7074
2011-12-16,1.2635,0.6801
2011-12-23,1.2367,0.6665
2011-12-29,1.1952,0.6406
2012-01-06,1.2,0.6507
2012-01-13,1.224,0.6785
2012-01-20,1.1601,0.6552
2012-01-27,1.0956,0.6262
2012-02-03,1.0776,0.6217
2012-02-10,1.0829,0.6286
2012-02-17,1.1581,0.6738
2012-02-24,1.1661,0.6828
2012-03-02,1.1813,0.6891
2012-03-09,1.2008,0.6809
2012-03-16,1.2077,0.6694
2012-03-23,1.2099,0.6664
2012-03-30,1.2158,0.6674
2012-04-05,1.2131,0.6631
2012-04-13,1.2037,0.6578
2012-04-20,1.161,0.6221
2012-04-27,1.1416,0.6061
2012-05-04,1.1647,0.608
2012-05-11,1.1559,0.5946
2012-05-18,1.1436,0.5714
2012-05-25,1.1089,0.5436
2012-06-01,1.0962,0.5454
2012-06-08,1.0838,0.5335
2012-06-15,1.0818,0.526
2012-06-22,1.0838,0.5291
2012-06-29,1.0775,0.5223
2012-07-06,1.0623,0.5263
2012-07-13,1.0561,0.5186
2012-07-20,1.056,0.5213
2012-07-27,1.0592,0.5208
2012-08-03,1.0521,0.5153
2012-08-10,1.0332,0.5109
2012-08-17,1.0331,0.5112
2012-08-24,1.0381,0.5137
2012-08-31,1.0795,0.5292
2012-09-06,1.0849,0.533
2012-09-14,1.0767,0.5327
2012-09-21,1.0478,0.5176
2012-09-28,1.0391,0.5119
2012-10-05,1.0244,0.5059
2012-10-11,1.0139,0.498
2012-10-19,1.0064,0.4954
2012-10-26,1.0028,0.4949
2012-11-01,1.0178,0.501
2012-11-09,1.0643,0.522
2012-11-16,1.1125,0.5379
2012-11-23,1.1166,0.5349
2012-11-30,1.1304,0.5395
2012-12-07,1.141,0.5433
2012-12-14,1.1306,0.5435
2012-12-21,1.1288,0.5431
2012-12-28,1.1342,0.5538
2013-01-04,1.1475,0.5626
2013-01-11,1.1443,0.5623
2013-01-18,1.1402,0.5589
2013-01-25,1.1468,0.563
2013-02-01,1.162,0.5838
2013-02-08,1.199,0.6048
2013-02-15,1.2338,0.6282
2013-02-22,1.2616,0.6418
2013-03-01,1.2619,0.6378
2013-03-08,1.257,0.6398
2013-03-15,1.2339,0.6262
2013-03-22,1.2037,0.6025
2013-03-28,1.203,0.597
2013-04-05,1.2142,0.603
2013-04-12,1.2858,0.6494
2013-04-19,1.3018,0.6498
2013-04-26,1.1786,0.5854
2013-05-03,1.1255,0.5606
2013-05-10,1.1461,0.5693
2013-05-17,1.1357,0.5611
2013-05-24,1.0876,0.5319
2013-05-31,1.0922,0.521
2013-06-07,1.1141,0.5228
2013-06-14,1.1392,0.5312
2013-06-21,1.1476,0.519
2013-06-28,1.1631,0.5262
2013-07-05,1.1532,0.5116
2013-07-12,1.1349,0.5014
2013-07-19,1.0978,0.4909
2013-07-26,1.0833,0.4832
2013-08-02,1.0893,0.4773
2013-08-09,1.0844,0.4729
2013-08-16,1.0803,0.4635
2013-08-23,1.0894,0.4525
2013-08-30,1.1195,0.4718
2013-09-06,1.1306,0.4823
2013-09-13,1.1393,0.5001
2013-09-20,1.1436,0.5129
2013-09-27,1.1743,0.5276
2013-10-04,1.1729,0.5308
2013-10-11,1.1735,0.5346
2013-10-18,1.1711,0.5386
2013-10-25,1.1662,0.5333
2013-11-01,1.1627,0.5263
2013-11-08,1.1676,0.5103
2013-11-14,1.2067,0.5177
2013-11-22,1.2199,0.5344
2013-11-29,1.2436,0.5382
2013-12-06,1.2857,0.5439
2013-12-13,1.2944,0.5556
2013-12-20,1.2824,0.5469
2013-12-27,1.2758,0.5419
2014-01-03,1.2835,0.5406
2014-01-10,1.2844,0.5395
2014-01-17,1.2889,0.5471
2014-01-24,1.2837,0.5409
2014-01-31,1.2861,0.5306
2014-02-07,1.3225,0.5506
2014-02-14,1.3805,0.5741
2014-02-21,1.4148,0.5944
2014-02-28,1.4382,0.6146
2014-03-07,1.4368,0.6171
2014-03-14,1.4305,0.6066
2014-03-21,1.4241,0.6088
2014-03-28,1.3881,0.6053
2014-04-04,1.3037,0.5752
2014-04-11,1.3066,0.5917
2014-04-17,1.4193,0.6354
2014-04-25,1.3558,0.6077
2014-05-02,1.2568,0.5639
2014-05-09,1.1871,0.5337
2014-05-16,1.1917,0.538
2014-05-23,1.202,0.5427
2014-05-30,1.1939,0.5348
2014-06-06,1.2071,0.5319
2014-06-13,1.2156,0.5449
2014-06-20,1.2216,0.5458
2014-06-27,1.2251,0.5545
2014-07-04,1.2378,0.5591
2014-07-11,1.2424,0.5597
2014-07-18,1.2358,0.5548
2014-07-25,1.2055,0.5429
2014-08-01,1.2035,0.5358
2014-08-08,1.2042,0.5282
2014-08-15,1.1988,0.5272
2014-08-22,1.2153,0.537
2014-08-29,1.2326,0.5459
2014-09-05,1.2316,0.5494
2014-09-12,1.221,0.5321
2014-09-19,1.2022,0.5108
2014-09-26,1.1683,0.4855
2014-10-03,1.1457,0.464
2014-10-10,1.1394,0.4739
2014-10-17,1.1439,0.4713
2014-10-24,1.1356,0.458
2014-10-31,1.1307,0.4578
2014-11-07,1.1853,0.4688
2014-11-14,1.2227,0.4751
2014-11-21,1.2248,0.4763
2014-11-28,1.2323,0.486
2014-12-05,1.2638,0.4912
2014-12-12,1.2655,0.482
2014-12-19,1.2656,0.4709
2014-12-26,1.2793,0.477
2015-01-02,1.2804,0.4771
2015-01-09,1.2825,0.4775
2015-01-16,1.2814,0.4862
2015-01-23,1.3611,0.5223
2015-01-30,1.3872,0.5325
2015-02-06,1.415,0.5176
2015-02-13,1.3925,0.4922
2015-02-20,1.3856,0.4844
2015-02-27,1.3174,0.4603
2015-03-06,1.2827,0.4319
2015-03-13,1.2745,0.4041
2015-03-20,1.2191,0.3754
2015-03-27,1.2683,0.3989
2015-04-02,1.2589,0.3959
2015-04-10,1.2568,0.4065
2015-04-17,1.2629,0.4133
2015-04-24,1.2704,0.4245
2015-04-30,1.2614,0.4268
2015-05-08,1.2313,0.4048
2015-05-15,1.2331,0.4082
2015-05-22,1.223,0.4025
2015-05-29,1.2064,0.3832
2015-06-05,1.2394,0.3937
2015-06-12,1.2261,0.3943
2015-06-19,1.2198,0.3951
2015-06-26,1.1888,0.3833
2015-07-03,1.1818,0.3788
2015-07-10,1.2292,0.3856
2015-07-17,1.2115,0.3846
2015-07-24,1.1926,0.3673
2015-07-31,1.1793,0.3498
2015-08-07,1.1798,0.3381
2015-08-14,1.175,0.3373
2015-08-21,1.1642,0.335
2015-08-28,1.1769,0.3287
2015-09-04,1.1893,0.3183
2015-09-11,1.2575,0.3275
2015-09-18,1.2991,0.3362
2015-09-25,1.3001,0.3222
2015-10-02,1.46,0.3641
2015-10-09,1.521,0.3964
2015-10-16,1.5294,0.399
2015-10-23,1.5451,0.3952
2015-10-30,1.6183,0.4159
2015-11-06,1.7035,0.4506
2015-11-13,1.7423,0.4596
2015-11-20,1.7313,0.4592
2015-11-27,1.7191,0.4588
2015-12-04,1.6973,0.4449
2015-12-11,1.7002,0.4476
2015-12-18,1.7128,0.4385
2015-12-23,1.7031,0.4272
2015-12-30,1.7258,0.4423
2016-01-08,1.787,0.4437
2016-01-15,1.8607,0.4621
2016-01-22,1.8469,0.4514
2016-01-29,1.8552,0.4558
2016-02-05,1.8922,0.4808
2016-02-12,1.9032,0.4795
2016-02-19,1.9227,0.4781
2016-02-26,1.9384,0.4897
2016-03-04,1.9525,0.5028
2016-03-11,1.9528,0.5282
2016-03-18,1.933,0.5257
2016-03-24,1.8424,0.5059
2016-04-01,1.6552,0.4584
2016-04-08,1.4329,0.3934
2016-04-15,1.3691,0.3913
2016-04-22,1.3725,0.3853
2016-04-29,1.3452,0.3837
2016-05-06,1.3369,0.3791
2016-05-13,1.3746,0.3942
2016-05-20,1.412,0.3999
2016-05-27,1.4773,0.4114
2016-06-03,1.5334,0.4284
2016-06-10,1.5355,0.448
2016-06-17,1.4743,0.4255
2016-06-24,1.4534,0.4301
2016-07-01,1.4481,0.442
2016-07-08,1.4427,0.436
2016-07-15,1.4663,0.4476
2016-07-22,1.539,0.4721
2016-07-29,1.5587,0.4764
2016-08-05,1.5718,0.4869
2016-08-12,1.5688,0.498
2016-08-19,1.5566,0.4857
2016-08-26,1.5473,0.4788
2016-09-02,1.5609,0.4818
2016-09-09,1.6027,0.4941
2016-09-16,1.6209,0.4921
2016-09-23,1.691,0.5221
2016-09-30,1.7299,0.5337
2016-10-07,1.7604,0.5462
2016-10-14,1.8895,0.5912
2016-10-21,1.9062,0.601
2016-10-28,1.9007,0.6045
2016-11-04,1.8962,0.5888
2016-11-11,1.8808,0.5747
2016-11-18,1.874,0.5484
2016-11-25,1.8339,0.5426
2016-12-02,1.8295,0.5349
2016-12-09,1.8948,0.5573
2016-12-16,1.8832,0.5613
2016-12-23,1.8676,0.562
2016-12-29,1.8619,0.5693
2017-01-06,1.857,0.5737
2017-01-13,1.8467,0.5786
2017-01-20,1.8155,0.5659
2017-01-27,1.777,0.561
2017-02-03,1.7405,0.5562
2017-02-10,1.7172,0.5504
2017-02-17,1.6661,0.5394
2017-02-24,1.5846,0.5141
2017-03-03,1.5662,0.5022
2017-03-10,1.5102,0.4799
2017-03-17,1.5252,0.487
2017-03-24,1.533,0.4948
2017-03-31,1.4842,0.4741
2017-04-07,1.436,0.4599
2017-04-13,1.4732,0.4685
2017-04-20,1.4976,0.4785
2017-04-28,1.4974,0.4737
2017-05-05,1.4591,0.4607
2017-05-12,1.4192,0.4485
2017-05-19,1.3871,0.4343
2017-05-26,1.3994,0.4272
2017-06-02,1.3492,0.4147
2017-06-09,1.3453,0.4104
2017-06-16,1.3501,0.4093
2017-06-23,1.3161,0.3958
2017-06-30,1.2919,0.391
2017-07-07,1.2686,0.3848
2017-07-14,1.273,0.395
2017-07-21,1.302,0.4133
2017-07-28,1.3632,0.4329
2017-08-04,1.3885,0.4451
2017-08-11,1.4212,0.4516
2017-08-18,1.4253,0.4499
2017-08-25,1.3999,0.4439
2017-09-01,1.4032,0.4448
2017-09-08,1.4435,0.4639
2017-09-15,1.4355,0.4604
2017-09-22,1.444,0.4607
2017-09-29,1.4597,0.4601
2017-10-06,1.5018,0.477
2017-10-13,1.5153,0.4779
2017-10-20,1.5368,0.4844
2017-10-27,1.5721,0.4838
2017-11-03,1.5889,0.4844
2017-11-10,1.6247,0.4973
2017-11-17,1.6769,0.5106
2017-11-24,1.681,0.5189
2017-12-01,1.7097,0.5274
2017-12-08,1.738,0.5331
2017-12-15,1.751,0.5279
2017-12-22,1.7521,0.53
2017-12-28,1.7726,0.5352
2018-01-05,1.8163,0.5606
2018-01-12,1.8515,0.5735
2018-01-19,1.855,0.5774
2018-01-26,1.8395,0.578
2018-02-02,1.8391,0.5779
2018-02-09,1.833,0.5605
2018-02-16,1.8523,0.5737
2018-02-23,1.8675,0.5755
2018-03-02,1.8817,0.5797
2018-03-09,1.8797,0.5797
2018-03-16,1.9022,0.5818
2018-03-23,1.8617,0.5648
2018-03-29,1.802,0.5434
2018-04-06,1.6499,0.4939
2018-04-13,1.5212,0.4471
2018-04-20,1.4876,0.4374
2018-04-27,1.4586,0.4205
2018-05-04,1.4468,0.4104
2018-05-11,1.5184,0.4246
2018-05-18,1.621,0.4402
2018-05-25,1.6484,0.451
2018-06-01,1.6868,0.4502
2018-06-08,1.6966,0.4463
2018-06-15,1.6491,0.4416
2018-06-22,1.5621,0.4152
2018-06-29,1.507,0.3931
2018-07-06,1.4736,0.3768
2018-07-13,1.4652,0.3799
2018-07-20,1.4561,0.3796
2018-07-27,1.4312,0.3829
2018-08-03,1.4004,0.3745
2018-08-10,1.3887,0.367
2018-08-17,1.3911,0.3569
2018-08-24,1.4572,0.3597
2018-08-31,1.5897,0.3863
2018-09-06,1.6828,0.4067
2018-09-14,1.664,0.4007
2018-09-21,1.6848,0.4111
2018-09-28,1.7102,0.4229
2018-10-05,1.7894,0.4564
2018-10-11,1.8211,0.4856
2018-10-19,1.8129,0.4885
2018-10-26,1.772,0.4797
2018-11-01,1.7315,0.4679
2018-11-09,1.6738,0.4477
2018-11-16,1.6434,0.4355
2018-11-23,1.633,0.4314
2018-11-30,1.6229,0.4195
2018-12-07,1.6641,0.4305
2018-12-14,1.669,0.4286
2018-12-21,1.6658,0.4291
2018-12-28,1.6675,0.4279
2019-01-04,1.6673,0.4432
2019-01-11,1.6354,0.4406
2019-01-18,1.6044,0.4301
2019-01-25,1.559,0.4134
2019-02-01,1.5231,0.4112
2019-02-08,1.58,0.4276
2019-02-15,1.6921,0.4532
2019-02-22,1.7998,0.4824
2019-03-01,1.8661,0.4979
2019-03-08,1.8694,0.4833
2019-03-15,1.8532,0.4845
2019-03-22,1.7686,0.4649
2019-03-29,1.6332,0.4188
2019-04-05,1.6478,0.4265
2019-04-12,1.8962,0.4921
2019-04-18,1.9846,0.5079
2019-04-26,1.8562,0.4705
2019-05-03,1.6596,0.4213
2019-05-10,1.6109,0.4079
2019-05-17,1.682,0.4187
2019-05-24,1.6493,0.4071
2019-05-31,1.6228,0.4072
2019-06-07,1.6487,0.4248
2019-06-14,1.6175,0.4183
2019-06-21,1.6105,0.4174
2019-06-28,1.604,0.4179
2019-07-05,1.6403,0.4287
2019-07-12,1.6507,0.4382
2019-07-19,1.6654,0.444
2019-07-26,1.7157,0.4555
2019-08-02,1.7253,0.4517
2019-08-09,1.7441,0.4414
2019-08-16,1.7452,0.4369
2019-08-23,1.7217,0.4237
2019-08-30,1.6907,0.4074
2019-09-06,1.7031,0.4126
2019-09-13,1.6941,0.4151
2019-09-20,1.7219,0.4181
2019-09-27,1.7471,0.4197
2019-10-04,1.7686,0.4294
2019-10-11,1.8004,0.4393
2019-10-18,1.8036,0.4353
2019-10-25,1.8221,0.4491
2019-11-01,1.8571,0.4646
2019-11-08,1.8745,0.4611
2019-11-14,1.8784,0.4503
2019-11-22,1.9064,0.4542
2019-11-29,1.9611,0.4633
2019-12-06,2.0097,0.4794
2019-12-13,1.9933,0.4837
2019-12-20,1.9902,0.489
2019-12-27,2.0159,0.4963
2020-01-03,2.0454,0.5075
2020-01-10,2.0679,0.5081
2020-01-17,2.0687,0.4973
2020-01-24,2.0618,0.4929
2020-01-31,2.0861,0.4928
2020-02-07,2.1075,0.4937
2020-02-14,2.1203,0.4898
2020-02-21,2.1289,0.4876
2020-02-28,2.1354,0.478
2020-03-06,2.1078,0.4612
2020-03-13,1.9437,0.4085
2020-03-20,1.6721,0.3291
2020-03-27,1.5137,0.2991
2020-04-03,1.3049,0.2489
2020-04-09,1.399,0.2694
2020-04-17,1.4545,0.2786
2020-04-24,1.3003,0.2376
2020-04-30,1.327,0.2412
2020-05-08,1.3825,0.243
2020-05-15,1.3931,0.2379
2020-05-22,1.4348,0.2537
2020-05-29,1.5303,0.2856
2020-06-05,1.622,0.3149
2020-06-12,1.6746,0.3396
2020-06-19,1.6607,0.3154
2020-06-26,1.6166,0.3048
2020-07-03,1.5992,0.2977
2020-07-10,1.6101,0.3013
2020-07-17,1.6206,0.3023
2020-07-24,1.662,0.3188
2020-07-31,1.692,0.3271
2020-08-07,1.6735,0.3134
2020-08-14,1.6613,0.3063
2020-08-21,1.7293,0.3126
2020-08-28,1.8095,0.3266
2020-09-04,1.8151,0.3384
2020-09-11,1.7741,0.3332
2020-09-18,1.7616,0.3335
2020-09-25,1.829,0.3325
2020-10-02,1.8642,0.3306
2020-10-09,1.8945,0.3395
2020-10-16,2.0149,0.3593
2020-10-23,2.0452,0.3648
2020-10-30,2.057,0.3604
2020-11-06,2.054,0.3676
2020-11-13,2.062,0.3797
2020-11-20,2.0744,0.387
2020-11-27,2.0707,0.3863
2020-12-04,2.0548,0.3937
2020-12-11,2.0512,0.4024
2020-12-18,2.038,0.3998
2020-12-23,2.0403,0.3952
2020-12-30,2.0466,0.3934
2021-01-08,2.0639,0.3878
2021-01-15,2.0737,0.3896
2021-01-22,2.1081,0.3935
2021-01-29,2.1272,0.3917
2021-02-05,2.1321,0.3947
2021-02-12,2.2474,0.4177
2021-02-19,2.5268,0.466
2021-02-26,2.71,0.4943
2021-03-05,2.9071,0.5123
2021-03-12,2.9059,0.5131
2021-03-19,2.7414,0.4915
2021-03-26,2.3071,0.4112
2021-04-01,2.316,0.4055
2021-04-09,2.374,0.4214
2021-04-16,2.5852,0.4566
2021-04-23,2.6747,0.4846
2021-04-30,2.6589,0.491
2021-05-07,2.9261,0.5475
2021-05-14,3.0488,0.5792
2021-05-21,2.9107,0.5503
2021-05-28,2.8783,0.5443
2021-06-04,2.9983,0.5848
2021-06-11,3.0004,0.5923
2021-06-18,2.8753,0.5693
2021-06-25,2.8057,0.5655
2021-07-02,2.8339,0.5683
2021-07-08,2.9235,0.563
2021-07-16,2.9618,0.5772
2021-07-23,2.9116,0.5581
2021-07-30,2.9675,0.5764
2021-08-06,3.0318,0.5835
2021-08-13,3.1382,0.5998
2021-08-20,3.1806,0.5954
2021-08-27,3.1878,0.6063
2021-09-03,3.2245,0.6224
2021-09-10,3.2365,0.6147
2021-09-17,3.2635,0.6206
2021-09-24,3.2999,0.6206
2021-10-01,3.2922,0.6089
2021-10-08,3.3411,0.6092
2021-10-15,3.4292,0.6228
2021-10-22,3.5495,0.6352
2021-10-29,3.828,0.6846
2021-11-05,3.8918,0.6952
2021-11-12,3.8099,0.6957
2021-11-19,3.6563,0.6591
2021-11-26,3.5351,0.6323
2021-12-03,3.4594,0.6122
2021-12-10,3.3202,0.5921
2021-12-17,3.3567,0.5901
2021-12-23,3.3398,0.5857
2021-12-30,3.3349,0.5918
2022-01-07,3.351,0.5908
2022-01-14,3.3516,0.6022
2022-01-21,3.3041,0.6027
2022-01-28,3.1648,0.5824
2022-02-04,2.9073,0.549
2022-02-11,2.8383,0.5419
2022-02-18,2.8825,0.5579
2022-02-25,2.8692,0.564
2022-03-04,2.9211,0.576
2022-03-11,3.1606,0.6267
2022-03-18,3.2827,0.6452
2022-03-25,3.2739,0.674
2022-04-01,3.4135,0.7188
2022-04-08,3.55,0.7573
2022-04-14,3.8366,0.819
2022-04-22,3.8401,0.8191
2022-04-29,3.4965,0.7074
2022-05-06,3.3198,0.6628
2022-05-13,3.3587,0.6555
2022-05-20,3.3469,0.676
2022-05-27,3.2486,0.6784
2022-06-03,3.0861,0.6462
2022-06-10,3.084,0.6308
2022-06-17,3.0116,0.5897
2022-06-24,3.0644,0.5895
2022-07-01,2.9634,0.5646
2022-07-08,2.9013,0.5425
2022-07-15,2.93,0.5415
2022-07-22,2.9344,0.5375
2022-07-29,2.9426,0.5591
2022-08-05,2.8635,0.548
2022-08-12,2.8049,0.5484
2022-08-19,2.5902,0.5027
2022-08-26,2.4132,0.4719
2022-09-02,2.3134,0.4492
2022-09-09,2.2275,0.4293
2022-09-16,2.3819,0.4588
2022-09-23,2.4022,0.4646
2022-09-30,2.4999,0.4648
2022-10-07,2.5975,0.5004
2022-10-14,2.7199,0.5166
2022-10-21,2.7211,0.5193
2022-10-28,2.6829,0.5045
2022-11-04,2.8722,0.5623
2022-11-11,2.8385,0.5409
2022-11-18,2.8115,0.5228
2022-11-25,2.8094,0.5244
2022-12-02,2.7757,0.5278
2022-12-09,2.7155,0.518
2022-12-16,2.6781,0.5037
2022-12-23,2.8136,0.54
2022-12-29,2.8893,0.5497
2023-01-06,2.8092,0.5228
2023-01-13,2.5896,0.5013
2023-01-20,2.5597,0.4961
2023-01-27,2.6898,0.5253
2023-02-03,2.7071,0.5317
2023-02-10,2.6481,0.5081
2023-02-17,2.698,0.5192
2023-02-24,2.7126,0.5248
2023-03-03,2.7548,0.5295
2023-03-10,2.6937,0.521
2023-03-17,2.6906,0.5108
2023-03-24,2.6827,0.5112
2023-03-31,2.7332,0.532
2023-04-06,2.8017,0.5527
2023-04-14,2.8953,0.5822
2023-04-20,3.0917,0.6172
2023-04-28,2.9621,0.5893
2023-05-05,2.7664,0.554
2023-05-12,2.6373,0.5312
2023-05-19,2.4619,0.4975
2023-05-26,2.5282,0.5073
2023-06-02,2.571,0.5121
2023-06-09,2.5309,0.5154
2023-06-16,2.5455,0.5264
2023-06-23,2.5128,0.5257
2023-06-30,2.5352,0.527
2023-07-07,2.2398,0.4615
2023-07-14,2.1882,0.4531
2023-07-21,2.0965,0.437
2023-07-28,2.1072,0.4447
2023-08-04,2.1297,0.4421
2023-08-11,2.0794,0.4247
2023-08-18,2.1556,0.4329
2023-08-25,2.1948,0.4476
2023-09-01,2.2023,0.4497
2023-09-08,2.1969,0.4419
2023-09-15,2.1706,0.4421
2023-09-22,2.1793,0.4455
2023-09-29,2.1796,0.4345
2023-10-06,2.1717,0.4224
2023-10-13,2.1753,0.4277
2023-10-20,2.2172,0.4397
2023-10-27,2.2171,0.443
2023-11-03,2.2069,0.4424
2023-11-10,2.1857,0.446
2023-11-17,2.142,0.4384
2023-11-24,2.0877,0.4268
2023-12-01,2.0536,0.4199
2023-12-08,1.9803,0.4022
2023-12-15,1.8588,0.3766
2023-12-22,1.8831,0.3856
2023-12-28,1.9004,0.3929
2024-01-05,1.8741,0.3823
2024-01-12,1.8434,0.3778
2024-01-19,1.9012,0.3866
2024-01-26,2.0359,0.4119
2024-02-02,2.1754,0.4399
2024-02-09,2.165,0.4355
2024-02-16,2.1297,0.4287
2024-02-23,2.1438,0.4327
2024-03-01,2.1222,0.4277
2024-03-08,2.0706,0.4181
2024-03-15,2.0644,0.4144
2024-03-22,2.1684,0.4337
2024-03-28,2.2777,0.4567
2024-04-05,2.3444,0.4638
2024-04-12,2.3701,0.4678
2024-04-19,2.4557,0.47
2024-04-26,2.2981,0.4466
2024-05-03,2.3422,0.4573
2024-05-10,2.3496,0.46
2024-05-17,2.3205,0.4523
2024-05-24,2.2534,0.4383
2024-05-31,2.3076,0.4439
2024-06-07,2.3062,0.437
2024-06-14,2.3378,0.435
2024-06-21,2.4113,0.4438
2024-06-28,2.4665,0.4493
2024-07-05,2.5337,0.4556
2024-07-12,2.6562,0.4886
2024-07-19,2.6564,0.4822
2024-07-26,2.5664,0.4562
2024-08-02,2.6022,0.4587
2024-08-09,2.6332,0.4686
2024-08-16,2.5977,0.4743
2024-08-23,2.5438,0.4639
2024-08-30,2.5561,0.4596
2024-09-06,2.5081,0.4468
2024-09-13,2.4061,0.4285
2024-09-20,2.42,0.4418
2024-09-27,2.4752,0.4524
2024-10-04,2.459,0.4505
2024-10-11,2.5159,0.4524
2024-10-18,2.5518,0.4514
2024-10-25,2.5598,0.4494
2024-11-01,2.6023,0.4504
2024-11-08,2.6025,0.4543
2024-11-14,2.6278,0.4547
2024-11-22,2.6287,0.4543
2024-11-29,2.6215,0.444
2024-12-06,2.6295,0.4346
2024-12-13,2.6259,0.4343
2024-12-20,2.6318,0.4302
2024-12-27,2.6449,0.4275
2025-01-03,2.6712,0.4325
2025-01-10,2.738,0.449
2025-01-17,2.7901,0.4606
2025-01-24,2.8141,0.4715
2025-01-31,2.8227,0.4806
2025-02-07,2.8337,0.4898
2025-02-14,2.8541,0.4957
2025-02-21,2.8503,0.4991
2025-02-28,2.8524,0.4911
2025-03-07,2.8406,0.4922
2025-03-14,2.8245,0.4868
2025-03-21,2.7572,0.4857
2025-03-28,2.7314,0.4758
2025-04-04,2.7398,0.4799
